"Entity","Year","Access_Electricity","Access_Clean_Fuels","Renewable_Capacity_Per_Capita","Financial_Flows_to_Developing_Countries","Renewable_Energy_Share","Electricity_from_Fossil_Fuels","Electricity_from_Nuclear","Electricity_from_Renewables","Low_Carbon_Electricity","Primary_Energy_Consumption_Per_Capita","Energy_Intensity_Level","CO2_Emissions","Renewable_Equivalent_Energy","gdp_growth","gdp_per_capita","Density.n.P.Km2.","Land.Area.Km2.","Latitude","Longitude"
"Argentina",2000,95.78329,95,235.62,NA,9.85,50.37,5.99,28.89,40.914955,18849.81,3.69,132270,12.283858,-0.788998939,7708.099115,"17",2780400,-38.416097,-63.616672
"Argentina",2001,95.51106,95.6,234.09,3890000,11.51,42.91,6.54,37.04,50.38733,18210.12,3.59,125260,15.937488,-4.408839683,7208.373114,"17",2780400,-38.416097,-63.616672
"Argentina",2002,96.22887,96.1,236.78,NA,11.62,39.7,5.39,36.06,51.07825,17275.256,3.99,117470.0012,16.249306,-10.89448483,2593.404563,"17",2780400,-38.416097,-63.616672
"Argentina",2003,96.442635,96.45,234.82,50000,10.82,46.73,7.03,34.38,46.982075,18326.521,3.97,127660.0037,14.408259,8.837040796,3349.8063,"17",2780400,-38.416097,-63.616672
"Argentina",2004,96.6535,97.2,236.15,40960000,9.29,57.35,7.31,31.03,40.066883,19261.457,4.04,141380.0049,12.1855755,9.029573301,4277.721573,"17",2780400,-38.416097,-63.616672
"Argentina",2005,96.863846,97.5,234.67,280000,9.64,59.89,6.37,34.6,40.620663,20232.844,3.68,145990.0055,12.788524,8.85165992,5109.852245,"17",2780400,-38.416097,-63.616672
"Argentina",2006,97.07606,98.1,232.56,440000,9.18,65.58,7.15,38.67,41.131058,21038.723,3.58,154899.9939,13.449462,8.0471515,5919.012338,"17",2780400,-38.416097,-63.616672
"Argentina",2007,97.29279,98.3,236.6,360000,7.72,72.95,6.72,31.18,34.19035,21708.37,3.44,162809.9976,10.599154,9.007650875,7245.446857,"17",2780400,-38.416097,-63.616672
"Argentina",2008,97.516754,98.6,234.79,22940000,7.65,76.62,6.85,31.28,33.22876,21780.38,3.42,167229.9957,10.437064,4.057233103,9020.873323,"17",2780400,-38.416097,-63.616672
"Argentina",2009,97.750656,98.9,241.83,39080000,8.59,74.01,7.59,34.7,36.362854,20954.271,3.35,156570.0073,11.783506,-5.918525076,8225.137583,"17",2780400,-38.416097,-63.616672
"Argentina",2010,98.82,99.1,239.96,1040000,8.79,78.54,6.69,34.41,34.353058,21507.703,3.26,167220.0012,11.661375,10.12539816,10385.96443,"17",2780400,-38.416097,-63.616672
"Argentina",2011,99.09535,99.3,251.14,69260000,8.83,84.43,5.89,32.43,31.217922,21894.867,3.18,176639.9994,10.929448,6.003951693,12848.8642,"17",2780400,-38.416097,-63.616672
"Argentina",2012,99.22998,99.5,252.14,256070000,8.61,91.86,5.9,30.93,28.619164,22494.715,3.3,177960.0067,10.216426,-1.026420454,13082.66433,"17",2780400,-38.416097,-63.616672
"Argentina",2013,99.342674,99.6,250.97,47820000,8.91,91.55,5.73,35.03,30.806438,23152.588,3.31,183250,10.950079,2.405323781,13080.25473,"17",2780400,-38.416097,-63.616672
"Argentina",2014,100,99.7,248.74,2472850000,9.79,92.18,5.26,34.37,30.066004,22881.006,3.4,179600.0061,11.038978,-2.512615321,12334.79825,"17",2780400,-38.416097,-63.616672
"Argentina",2015,99.62539,99.7,247.37,109830000,9.4,97.18,6.64,33.97,29.472387,23046.873,3.36,185550.0031,10.907397,2.731159828,13789.06042,"17",2780400,-38.416097,-63.616672
"Argentina",2016,99.84958,99.8,245.23,250160000,9.38,100.8,7.82,31.02,27.81438,22726.455,3.41,183160.0037,10.167007,-2.080327844,12790.24247,"17",2780400,-38.416097,-63.616672
"Argentina",2017,100,99.8,244.82,503740000,10.37,99.4,5.77,33.4,28.267298,22503.818,3.32,179320.0073,10.964719,2.818502978,14613.04182,"17",2780400,-38.416097,-63.616672
"Argentina",2018,99.98958,99.8,259.47,492720000,10.52,98.31,6.51,34.97,29.673082,22163.16,3.31,176899.9939,11.39763,-2.617396463,11795.15939,"17",2780400,-38.416097,-63.616672
"Argentina",2019,100,99.9,283.38,474460000,10.74,90.56,7.97,34.63,31.991589,20725.168,3.35,168100.0061,11.926772,-2.025934237,10056.63794,"17",2780400,-38.416097,-63.616672
"Argentina",2020,100,99.9,311.28,NA,NA,91.58,10.06,37.05,33.967842,19314.066,NA,NA,12.179417,-9.895268964,8579.017773,"17",2780400,-38.416097,-63.616672
"Brazil",2000,94.391716,89,364.68,126500000,42.66,28.87,4.94,308.77,91.57278,13400.32,3.88,313670,43.288433,4.387949444,3749.910848,"25",8515770,-14.235004,-51.92528
"Brazil",2001,96.016525,89.7,367.36,5290000,41.33,35.19,14.27,273.71,89.111,12893.828,3.9,319380,39.11162,1.389896404,3160.249345,"25",8515770,-14.235004,-51.92528
"Brazil",2002,96.65299,90.1,374.1,33350000,42.85,33.5,13.84,292.95,90.15546,13021.791,3.89,317760.0098,40.756653,3.053461857,2839.491501,"25",8515770,-14.235004,-51.92528
"Brazil",2003,96.980095,90.6,387.32,7530000,45.11,31.62,13.4,313.88,91.18975,13111.923,3.91,310809.9976,42.284126,1.140828999,3070.436419,"25",8515770,-14.235004,-51.92528
"Brazil",2004,96.76511,91.1,392.57,1140000,45.18,40.14,11.6,329.43,89.46926,13593.7,3.9,328519.989,42.286156,5.759964637,3637.31389,"25",8515770,-14.235004,-51.92528
"Brazil",2005,97.09351,91.6,399.88,11720000,46.13,39.56,9.2,346.96,90.00303,13792.465,3.88,331690.0024,43.1457,3.202132062,4790.456566,"25",8515770,-14.235004,-51.92528
"Brazil",2006,97.594315,92.1,412.49,1220000,46.67,39.4,12.98,359.55,90.43527,14020.683,3.86,335619.9951,43.045963,3.961988709,5886.391522,"25",8515770,-14.235004,-51.92528
"Brazil",2007,98.12538,92.6,427.18,910000,47.19,37.64,11.65,387.88,91.390076,14770.351,3.84,352559.9976,44.380226,6.069870607,7348.187963,"25",8515770,-14.235004,-51.92528
"Brazil",2008,98.52663,93.1,432.21,19530000,47.04,55.87,13.21,385.61,87.71251,15255.087,3.86,373630.0049,43.366776,5.094195448,8831.183643,"25",8515770,-14.235004,-51.92528
"Brazil",2009,98.85694,93.6,438.04,174490000,48.92,36.32,12.22,410.13,92.08145,15004.24,3.74,350000,46.30883,-0.125812003,8597.794335,"25",8515770,-14.235004,-51.92528
"Brazil",2010,98.6,94,457.6,135380000,46.81,61.02,13.77,435.99,88.053566,16220.931,3.85,397929.9927,44.246536,7.528225818,11286.07154,"25",8515770,-14.235004,-51.92528
"Brazil",2011,99.32869,94.3,470.43,187660000,45.26,50.27,14.8,462.32,90.468155,16629.84,3.75,418309.9976,43.91006,3.974423079,13245.38737,"25",8515770,-14.235004,-51.92528
"Brazil",2012,99.51949,94.7,482.3,228480000,43.49,77.21,15.17,454.78,85.88896,16963.494,3.82,454230.011,42.06637,1.921175985,12370.22325,"25",8515770,-14.235004,-51.92528
"Brazil",2013,99.57515,95,496.6,93260000,42.32,112,14.65,436.84,80.12387,17221.44,3.88,486839.9963,39.836597,3.00482267,12300.38671,"25",8515770,-14.235004,-51.92528
"Brazil",2014,99.650246,95.2,524.97,489030000,41.71,136.58,14.46,430.82,76.527,17519.043,3.98,511619.9951,38.852745,0.50395574,12112.83496,"25",8515770,-14.235004,-51.92528
"Brazil",2015,99.7109,95.4,550.89,2300000,43.62,128.85,13.91,428.81,77.456825,17140.15,4.05,485339.9963,40.603523,-3.545763393,8813.989806,"25",8515770,-14.235004,-51.92528
"Brazil",2016,99.7,95.7,588.73,161960000,45.46,93.06,14.97,463.37,83.713684,16591.764,4.03,447079.9866,43.5387,-3.275916906,8710.06329,"25",8515770,-14.235004,-51.92528
"Brazil",2017,99.8,95.7,617.89,521620000,45.33,101.9,14.86,464.4,82.4661,16608.686,4.05,456489.9902,43.280678,1.322869054,9928.675897,"25",8515770,-14.235004,-51.92528
"Brazil",2018,99.7,95.8,652.03,256430000,46.95,86.69,14.79,492.66,85.409164,16539.11,3.93,433989.9902,46.080498,1.783666761,9151.381732,"25",8515770,-14.235004,-51.92528
"Brazil",2019,99.8,95.8,684.92,50980000,47.57,90.91,15.16,512.59,85.30534,16681.945,3.93,434299.9878,47.304844,1.411152985,8897.552966,"25",8515770,-14.235004,-51.92528
"Brazil",2020,100,95.9,705.9,NA,NA,81.15,13.21,520.01,86.79134,15921.327,NA,NA,49.47188,-4.059048273,6796.844542,"25",8515770,-14.235004,-51.92528
"Chile",2000,97.93869,100,290.18,460000,31.36,20.42,NA,18.48,47.506424,20023.135,4.39,50420,19.573402,5.326938419,5074.902616,"26",756096,-35.675147,-71.542969
"Chile",2001,97.11581,100,286.86,150000,32.15,19.59,NA,21.03,51.772526,20184.58,4.17,48430,22.04736,3.303047313,4574.594716,"26",756096,-35.675147,-71.542969
"Chile",2002,97.28368,100,285.57,30000,33.07,19.87,NA,22.5,53.10361,20441.285,4.19,49119.99893,22.61727,3.106970532,4446.249371,"26",756096,-35.675147,-71.542969
"Chile",2003,98.782326,100,283.29,70000,31.62,23.3,NA,21.84,48.38281,20334.662,4.07,50200.00076,22.010809,4.091047685,4772.563723,"26",756096,-35.675147,-71.542969
"Chile",2004,97.60609,100,327.57,2790000,31.44,27.79,NA,20.87,42.88944,21494.553,4.04,54970.00122,19.768446,7.209539709,6194.85272,"26",756096,-35.675147,-71.542969
"Chile",2005,97.76531,100,325.16,50460000,32.26,25.2,NA,25.42,50.217308,22090.879,3.94,55970.00122,22.415243,5.742830489,7598.528877,"26",756096,-35.675147,-71.542969
"Chile",2006,99.36811,100,322.11,110000,32.91,25.54,NA,28.03,52.324062,22631.893,3.86,57150.00153,22.566658,6.317176343,9464.548507,"26",756096,-35.675147,-71.542969
"Chile",2007,98.09202,100,327.89,93230000,30.46,33.69,NA,22.29,39.81779,22387.78,3.81,64569.99969,18.706137,4.905324504,10502.35071,"26",756096,-35.675147,-71.542969
"Chile",2008,98.26487,100,331.26,65320000,30.83,32.59,NA,23.78,42.185562,22165.26,3.65,67989.99786,20.915377,3.529530553,10751.4816,"26",756096,-35.675147,-71.542969
"Chile",2009,99.59366,100,361.58,56220000,31.53,32.12,NA,24.57,43.340977,21051.678,3.61,65449.99695,21.777431,-1.564239443,10208.90797,"26",756096,-35.675147,-71.542969
"Chile",2010,99.53839,100,360.95,3200000,27.04,36.71,NA,21.55,36.98936,21403.44,3.56,69750,19.264341,5.844177296,12808.03834,"26",756096,-35.675147,-71.542969
"Chile",2011,99.588196,100,388.65,68530000,28.79,41,NA,21.04,33.913605,22459.62,3.66,76470.00122,17.502325,6.110918829,14637.23344,"26",756096,-35.675147,-71.542969
"Chile",2012,100,100,405.49,1003530000,30.31,45.17,NA,20.59,31.310825,23224.074,3.84,78410.00366,18.09596,5.318628,15351.54074,"26",756096,-35.675147,-71.542969
"Chile",2013,99.6,100,436.94,1352650000,30.23,48,NA,20.17,29.587795,23629.986,3.82,83000,18.432415,4.045004298,15842.93648,"26",756096,-35.675147,-71.542969
"Chile",2014,100,100,468.99,1263800000,26.95,44.51,NA,25.44,36.368835,23154.375,3.39,76559.99756,20.193163,1.766739784,14670.98891,"26",756096,-35.675147,-71.542969
"Chile",2015,99.71484,100,470.34,113310000,25.07,44.37,NA,27.38,38.16028,23180.021,3.39,82230.00336,21.427673,2.303767036,13574.16924,"26",756096,-35.675147,-71.542969
"Chile",2016,100,100,510.67,300130000,24.55,49.09,NA,24.27,33.083424,23993.93,3.54,86489.99786,19.706335,1.711089289,13753.59215,"26",756096,-35.675147,-71.542969
"Chile",2017,99.7,100,557.03,209270000,24.11,44.9,NA,29.32,39.504177,24517.238,3.55,87069.99969,22.405031,1.184544707,14998.81706,"26",756096,-35.675147,-71.542969
"Chile",2018,100,100,584.92,NA,25.46,43.85,NA,32.89,42.859005,25039.64,3.49,86610.00061,24.343296,3.713859177,15888.14436,"26",756096,-35.675147,-71.542969
"Chile",2019,100,100,606.69,NA,25.26,45.16,NA,32.23,41.64621,24894.514,3.66,91370.00275,24.144995,0.942005307,14741.7144,"26",756096,-35.675147,-71.542969
"Chile",2020,100,100,669.29,NA,NA,43.69,NA,34.06,43.807076,22925.926,NA,NA,26.557531,-5.771501669,13231.70421,"26",756096,-35.675147,-71.542969
"Colombia",2000,95.2,78.1,210.84,NA,28.03,10.21,0,31.98,75.79996,8011.8125,3,58340,29.556067,2.924861483,2520.481089,"46",1138910,4.570868,-74.297333
"Colombia",2001,98.47,78.9,217.68,NA,27.24,10.78,0,31.69,74.61738,7953.855,2.95,58940,30.604485,1.677898308,2439.682456,"46",1138910,4.570868,-74.297333
"Colombia",2002,94.9055,79.7,223.19,90000,28.8,10.25,0,33.83,76.746826,7834.471,2.83,56770.00046,32.692554,2.503980466,2396.627127,"46",1138910,4.570868,-74.297333
"Colombia",2003,95.12935,80.7,215.58,10000,30.7,9.6,0,36,78.94737,7863.652,2.78,56110.00061,33.389133,3.918271904,2281.401762,"46",1138910,4.570868,-74.297333
"Colombia",2004,95.35031,81.5,214.54,NA,29.18,8.87,0,39.91,81.81632,8152.3345,2.66,56110.00061,34.505455,5.333022067,2782.623185,"46",1138910,4.570868,-74.297333
"Colombia",2005,96.8,82.4,211.95,223460000,29.08,9.71,0,39.64,80.32422,7917.907,2.65,57639.99939,35.05353,4.828761108,3414.465158,"46",1138910,4.570868,-74.297333
"Colombia",2006,95.79303,83,209.72,1940000,29.69,10.13,0,42.6,80.788925,9024.093,2.62,57689.99863,34.14272,6.716868698,3741.092837,"46",1138910,4.570868,-74.297333
"Colombia",2007,96.019844,83.8,208.15,790000,30.42,9.93,0,44.27,81.67896,9058.002,2.44,59180.00031,35.182762,6.738194691,4714.073055,"46",1138910,4.570868,-74.297333
"Colombia",2008,96.80676,84.6,205.86,15930000,29.97,8.77,0,46.19,84.04294,9322.767,2.48,59779.99878,33.94141,3.283446186,5472.53653,"46",1138910,4.570868,-74.297333
"Colombia",2009,96.05723,85.4,204.03,10000,30.91,14.77,0,41.08,73.55417,9111.861,2.55,62009.99832,31.377745,1.139648645,5193.241458,"46",1138910,4.570868,-74.297333
"Colombia",2010,96.788994,86.3,208.97,3470000,29.75,15.96,0,40.66,71.81208,9474.296,2.4,63560.00137,30.092037,4.494658971,6336.709474,"46",1138910,4.570868,-74.297333
"Colombia",2011,96.6936,87,217.2,780000,28.91,10.11,0,48.81,82.84114,9794.911,2.3,69099.99847,34.515675,6.947891982,7335.166934,"46",1138910,4.570868,-74.297333
"Colombia",2012,97.03217,87.6,216.6,1840000,28.9,12.96,0,47.58,78.59267,10308.172,2.14,69699.99695,31.746134,3.912635767,8050.255372,"46",1138910,4.570868,-74.297333
"Colombia",2013,97.77942,88.45,216.82,310000,32.29,21.71,0,50.48,69.92658,10490.081,2.66,76860.00061,29.385107,5.13399352,8218.347844,"46",1138910,4.570868,-74.297333
"Colombia",2014,97.79094,89.1,237.49,55290000,32.38,20.99,0,48.06,69.60174,10938.481,2.58,79199.99695,28.364685,4.499030001,8114.343921,"46",1138910,4.570868,-74.297333
"Colombia",2015,98.1869,89.75,247.42,23220000,31.6,27.22,0,49,64.28759,10259.04,2.53,80230.00336,28.021618,2.955901375,6175.87603,"46",1138910,4.570868,-74.297333
"Colombia",2016,98.4,90.7,246.63,1454760000,30.74,25.02,0,49.54,66.44314,11435.303,2.58,82680.00031,27.708813,2.087382502,5870.777957,"46",1138910,4.570868,-74.297333
"Colombia",2017,98.5,91.2,246.81,184770000,32.53,16.07,0,61.39,79.25381,11368.834,2.44,74989.99786,32.82906,1.359360868,6376.706716,"46",1138910,4.570868,-74.297333
"Colombia",2018,98.5,92,247.06,144250000,30.72,19.11,0,60.08,75.868164,11332.247,2.29,78589.99634,31.99955,2.564324283,6729.583332,"46",1138910,4.570868,-74.297333
"Colombia",2019,99.75592,92.5,245.49,152510000,30.72,23.84,0,54.31,69.49456,11221.787,2.51,81040.00092,29.890343,3.281116805,6424.979492,"46",1138910,4.570868,-74.297333
"Colombia",2020,100,93.2,266.33,NA,NA,27.17,0,49.97,64.77833,10064.389,NA,NA,30.772787,-6.795758107,5334.556042,"46",1138910,4.570868,-74.297333
"Costa Rica",2000,96.94,89,359.7,1e+05,32.95,0.07,0,6.78,98.9781,10699.309,2.41,4950,NA,3.868718088,3789.053886,"100",51100,9.748917,-83.753428
"Costa Rica",2001,98.24978,89.4,358.3,140120000,32.11,0.11,0,6.78,98.40349,10693.142,2.34,5420,NA,3.491169872,3960.307703,"100",51100,9.748917,-83.753428
"Costa Rica",2002,98.509186,89.8,363.6,NA,32.54,0.16,0,7.26,97.843666,10944.455,2.39,5519.999981,NA,3.41687639,4042.705686,"100",51100,9.748917,-83.753428
"Costa Rica",2003,98.6959,90.1,371.05,16200000,33.3,0.19,0,7.1,97.39369,10991.341,2.44,5800.000191,NA,4.317179866,4147.824369,"100",51100,9.748917,-83.753428
"Costa Rica",2004,98.95478,90.4,371.03,90000,39.16,0.07,0,7.9,99.12171,11161.785,2.78,5940.000057,NA,4.424599597,4404.711884,"100",51100,9.748917,-83.753428
"Costa Rica",2005,99.053055,90.7,365.92,1e+05,41.73,0.28,0,7.87,96.56442,11431.702,2.67,6269.999981,NA,3.976666368,4676.379366,"100",51100,9.748917,-83.753428
"Costa Rica",2006,99.14752,91.2,385.85,80000,42.4,0.53,0,8.05,93.822845,11759.994,2.71,6559.999943,NA,7.326695432,5227.465952,"100",51100,9.748917,-83.753428
"Costa Rica",2007,99.217995,91.3,424.39,7e+05,41.19,0.69,0,8.24,92.27323,12253.692,2.64,7599.999905,NA,8.215131983,6103.741917,"100",51100,9.748917,-83.753428
"Costa Rica",2008,99.26394,91.8,422.92,90000,40.7,0.68,0,8.68,92.73505,12241.504,2.54,7519.999981,NA,4.738174878,6901.388306,"100",51100,9.748917,-83.753428
"Costa Rica",2009,99.409805,92.1,437.93,10000,40.72,0.52,0,8.7,94.360085,11747.936,2.58,7199.999809,NA,-0.873455943,6801.036735,"100",51100,9.748917,-83.753428
"Costa Rica",2010,98.995735,92.4,429.94,7640000,40.39,0.71,0,8.76,92.50264,11786.667,2.47,7110.000134,NA,5.360343526,8227.127494,"100",51100,9.748917,-83.753428
"Costa Rica",2011,99.232346,92.9,440.67,1670000,38.02,0.91,0,8.79,90.61856,11703.091,2.38,7429.999828,NA,4.40315924,9229.834517,"100",51100,9.748917,-83.753428
"Costa Rica",2012,99.503296,93.1,459.33,333910000,38.06,0.9,0,9.15,91.04477,11673.354,2.36,7449.999809,NA,4.882592369,10075.00462,"100",51100,9.748917,-83.753428
"Costa Rica",2013,99.563515,93.6,458.39,122760000,37.8,1.23,0,8.88,87.83383,11618.479,2.42,7780.00021,NA,2.494766108,10744.09102,"100",51100,9.748917,-83.753428
"Costa Rica",2014,99.35929,94,468.18,161780000,37.62,1.1,0,9.01,89.11969,11726.931,2.37,7829.999924,NA,3.542109878,10847.16967,"100",51100,9.748917,-83.753428
"Costa Rica",2015,99.409805,94.3,486.68,596370000,38.33,0.26,0,10.5,97.58364,12110.349,2.23,7539.999962,NA,3.652080968,11642.77805,"100",51100,9.748917,-83.753428
"Costa Rica",2016,99.5,94.6,590.73,173040000,36.81,0.35,0,10.5,96.77419,12301.996,2.2,8079.999924,NA,4.204323252,12011.22275,"100",51100,9.748917,-83.753428
"Costa Rica",2017,99.6,94.9,608.09,251880000,36.2,0.21,0,11.06,98.13664,12649.783,2.09,8260.000229,NA,4.157698963,12225.57449,"100",51100,9.748917,-83.753428
"Costa Rica",2018,99.7,95.3,615.07,27800000,35.7,0.31,0,11.13,97.290215,12802.764,1.98,8369.999886,NA,2.615904404,12485.4239,"100",51100,9.748917,-83.753428
"Costa Rica",2019,99.71,95.6,622.84,680000,35.76,0.25,0,11.18,97.81277,13012.45,2.11,8239.999771,NA,2.256315079,12693.82796,"100",51100,9.748917,-83.753428
"Costa Rica",2020,99.9,95.7,613.34,NA,NA,0.19,0,11.55,98.38161,11486.324,NA,NA,NA,-4.063676535,12140.85415,"100",51100,9.748917,-83.753428
"Cuba",2000,97,71.4,5.2,790000,34.43,14.1,0,0.09,0.6342495,9883.993,3.46,28350,NA,5.914760174,2747.100303,"106",110860,21.521757,-77.781167
"Cuba",2001,96.22626,74.5,5.18,4590000,34.05,14.37,0,0.07,0.48476455,9075.244,3.28,27470,NA,3.185029904,2837.73573,"106",110860,21.521757,-77.781167
"Cuba",2002,95.5,77.2,5.16,1710000,34.8,14.71,0,0.1,0.6752194,9158.403,3.01,26420.00008,NA,1.424821261,2999.241763,"106",110860,21.521757,-77.781167
"Cuba",2003,96.51303,79.8,5.15,360000,33.56,14.79,0,0.13,0.8713137,9271.938,2.89,25629.99916,NA,3.792740223,3197.133185,"106",110860,21.521757,-77.781167
"Cuba",2004,96.65091,81.8,5.24,910000,33.77,14.66,0,0.09,0.6101695,9365.984,2.67,25360.00061,NA,5.77053807,3395.710843,"106",110860,21.521757,-77.781167
"Cuba",2005,96.78825,83.8,64.6,410000,26.31,11.88,0,2.57,17.785467,9199.146,2.27,26319.99969,NA,11.20165642,3786.66345,"106",110860,21.521757,-77.781167
"Cuba",2006,96.927475,85.4,43.99,390000,21.96,13.96,0,1.54,9.935484,8954.739,2.02,26780.00069,NA,12.06586311,4683.569067,"106",110860,21.521757,-77.781167
"Cuba",2007,97.07121,87,52.35,10000,18.59,14.67,0,1.93,11.626506,9036.614,1.79,27680.00031,NA,7.262136966,5208.718388,"106",110860,21.521757,-77.781167
"Cuba",2008,97.22218,88.1,54.58,50000,18.73,14.7,0,1.97,11.8176365,10330.99,1.83,26750,NA,4.116828042,5411.269492,"106",110860,21.521757,-77.781167
"Cuba",2009,97.383095,89.1,54.48,910000,18.97,14.82,0,1.89,11.310593,10402.473,1.75,26979.99954,NA,1.451305431,5529.669375,"106",110860,21.521757,-77.781167
"Cuba",2010,97.55665,90.2,55.07,4160000,15.61,14.66,0,1.73,10.555217,11812.895,1.85,28110.00061,NA,2.390352297,5730.354264,"106",110860,21.521757,-77.781167
"Cuba",2011,97.74557,91,55.23,1310000,19.2,14.99,0,1.74,10.400478,10603.101,1.74,27590.00015,NA,2.802300836,6139.718783,"106",110860,21.521757,-77.781167
"Cuba",2012,97.95255,91.5,52.75,420000,19.38,15.55,0,1.82,10.477835,11529.463,1.73,28690.00053,NA,3.014900289,6497.314764,"106",110860,21.521757,-77.781167
"Cuba",2013,98.17937,92,49.2,3100000,18.24,16.4,0,1.77,9.741332,11073.984,1.6,28870.00084,NA,2.747602563,6837.71168,"106",110860,21.521757,-77.781167
"Cuba",2014,98.42399,92.7,52.67,40000,23.16,16.52,0,1.8,9.825328,11257.336,1.61,26690.00053,NA,1.047576632,7133.337679,"106",110860,21.521757,-77.781167
"Cuba",2015,98.68346,92.65,55.52,77320000,21.15,17.37,0,1.85,9.625391,11280.011,1.57,29209.99908,NA,4.438141959,7694.014637,"106",110860,21.521757,-77.781167
"Cuba",2016,98.95479,93.2,53.82,31010000,19.2,17.64,0,1.74,8.978329,8800.3,1.54,27170.00008,NA,0.513761468,8060.796598,"106",110860,21.521757,-77.781167
"Cuba",2017,99.23503,93.4,59.57,110970000,22,17.57,0,1.82,9.386282,9358.279,1.45,26239.99977,NA,1.809054399,8541.213686,"106",110860,21.521757,-77.781167
"Cuba",2018,99.52121,93.5,66.87,7200000,24.11,17.64,0,2,10.1833,9819.157,1.37,26709.99908,NA,2.248480393,8824.194008,"106",110860,21.521757,-77.781167
"Cuba",2019,99.8,93.6,95.74,5670000,21.54,16.54,0,2.99,15.309779,9606.213,1.27,25909.99985,NA,-0.164839982,9125.878679,"106",110860,21.521757,-77.781167
"Cuba",2020,100,93.8,105.79,NA,NA,15.47,0,3.13,16.827957,9007.181,NA,NA,NA,-10.94834097,9477.852873,"106",110860,21.521757,-77.781167
"Dominican Republic",2000,88.76493,84.1,53.73,11100000,19.11,7.34,0,0.75,9.270704,10094.044,3.9,18670,NA,4.66176228,2869.178139,"225",48670,18.735693,-70.162651
"Dominican Republic",2001,89.79136,84.7,54.11,4170000,18.89,9.07,0,0.7,7.1647897,9667.4,3.7,18980,NA,2.459516368,2977.43451,"225",48670,18.735693,-70.162651
"Dominican Republic",2002,89.74982,85.5,53.33,670000,17.94,10.98,0,0.87,7.341772,10064.789,3.87,20879.99916,NA,4.495103403,3110.325447,"225",48670,18.735693,-70.162651
"Dominican Republic",2003,89.173805,86.05,52.62,NA,18.94,11.38,0,1.19,9.466986,9104.642,3.53,18729.99954,NA,-1.345706185,2418.350422,"225",48670,18.735693,-70.162651
"Dominican Republic",2004,90.31657,86.4,51.89,460000,20.67,9.58,0,1.6,14.31127,8357.8955,3.34,17280.00069,NA,2.570134279,2487.329061,"225",48670,18.735693,-70.162651
"Dominican Republic",2005,90.14123,86.7,51.21,6260000,19.44,10.14,0,1.91,15.850622,9065.088,3.19,18690.00053,NA,9.428236947,3932.784407,"225",48670,18.735693,-70.162651
"Dominican Republic",2006,90.11815,87,50.64,530000,17.98,11.36,0,1.75,13.348589,8931.601,3.03,20370.00084,NA,9.174355406,4109.033591,"225",48670,18.735693,-70.162651
"Dominican Republic",2007,96.87634,87.1,50,370000,17.89,11.98,0,1.7,12.4269,9066.198,2.93,20629.99916,NA,7.415951715,4707.795052,"225",48670,18.735693,-70.162651
"Dominican Republic",2008,97.576195,87.3,49.72,150000,17.68,10.34,0,1.38,11.774744,8900.079,2.73,20579.99992,NA,3.209504262,5087.983213,"225",48670,18.735693,-70.162651
"Dominican Republic",2009,97.85776,87.4,54.86,310000,17.34,10.13,0,1.46,12.597066,8679.013,2.64,19659.99985,NA,0.946155168,5039.403122,"225",48670,18.735693,-70.162651
"Dominican Republic",2010,98.14542,87.6,55.59,180000,16.91,12.5,0,1.48,10.586553,8981.36,2.57,20680.00031,NA,8.33965106,5555.392014,"225",48670,18.735693,-70.162651
"Dominican Republic",2011,97.89887,87.8,58.34,240000,16.75,13.33,0,1.59,10.6568365,8723.768,2.54,20909.99985,NA,3.133423003,5913.426649,"225",48670,18.735693,-70.162651
"Dominican Republic",2012,97.86705,87.9,72.12,1390000,16.48,13.86,0,1.93,12.222926,9560.256,2.54,21680.00031,NA,2.717367897,6110.366576,"225",48670,18.735693,-70.162651
"Dominican Republic",2013,98.38586,88.2,72.06,20000,16.55,14.54,0,2.19,13.090258,9002.167,2.36,21290.00092,NA,4.875205093,6238.132367,"225",48670,18.735693,-70.162651
"Dominican Republic",2014,98.47098,88.5,72.21,450000,17.28,14.63,0,1.64,10.079902,8537.962,2.19,21450.00076,NA,7.05046369,6608.825501,"225",48670,18.735693,-70.162651
"Dominican Republic",2015,98.56036,89,72.48,70000,14.88,15.59,0,1.32,7.806032,9354.642,2.21,23590.00015,NA,6.927018772,6921.520594,"225",48670,18.735693,-70.162651
"Dominican Republic",2016,98.9,89.5,83.72,81910000,15.31,16.53,0,2.14,11.462239,9835.123,2.21,24590.00015,NA,6.659200263,7280.88361,"225",48670,18.735693,-70.162651
"Dominican Republic",2017,100,90,85.9,82190000,16.87,16.07,0,2.94,15.465545,9591.366,2.09,23549.99924,NA,4.666704677,7609.353275,"225",48670,18.735693,-70.162651
"Dominican Republic",2018,98.9,90.4,98.92,380000,15.95,16.89,0,2.74,13.958228,10487.733,2.06,25309.99947,NA,6.982527585,8050.644076,"225",48670,18.735693,-70.162651
"Dominican Republic",2019,99,90.9,114.65,42670000,13.98,16.91,0,2.36,12.247015,11098.332,2.08,27229.99954,NA,5.05216802,8282.117131,"225",48670,18.735693,-70.162651
"Dominican Republic",2020,100,91.5,120.72,NA,NA,13.74,0,2.9,17.427885,9496.668,NA,NA,NA,-6.720239373,7268.19691,"225",48670,18.735693,-70.162651
"Ecuador",2000,93.73226,87.8,135.21,2220000,19.43,2.82,0,7.53,72.753624,8246.84,3.27,22050,21.613928,1.091801564,1445.279324,"71",283561,-1.831239,-78.183406
"Ecuador",2001,94.02462,88.75,134.56,2140000,17.05,3.74,0,7,65.17691,8211.651,3.35,24250,19.692354,4.0156299,1894.616196,"71",283561,-1.831239,-78.183406
"Ecuador",2002,94.30939,89.8,132.83,830000,17.1,4.1,0,7.45,64.50217,7965.1455,3.48,24170.00008,21.095179,4.096776659,2172.101877,"71",283561,-1.831239,-78.183406
"Ecuador",2003,94.973045,90.6,130.59,360000,16.55,4.11,0,7.11,63.368984,8014.88,3.73,24659.99985,19.533443,2.722877337,2425.851842,"71",283561,-1.831239,-78.183406
"Ecuador",2004,94.86557,91.1,130.98,310000,16.73,5.59,0,7.5,57.295647,8426.991,3.54,26180.00031,18.734905,8.211020917,2691.277685,"71",283561,-1.831239,-78.183406
"Ecuador",2005,95.83265,91.7,132.24,8400000,16.16,5.09,0,7.07,58.14145,8767.223,3.65,28219.99931,16.596605,5.291308267,3002.138604,"71",283561,-1.831239,-78.183406
"Ecuador",2006,96.31526,92.3,133.33,10000,14.19,6.17,0,7.35,54.363903,9114.504,3.43,30129.99916,16.25161,4.403526434,3328.884156,"71",283561,-1.831239,-78.183406
"Ecuador",2007,96.812614,92.7,149.22,NA,15.88,7.33,0,9.26,55.816757,9420.017,3.69,30639.99939,19.557272,2.190063972,3567.837186,"71",283561,-1.831239,-78.183406
"Ecuador",2008,97.20657,93.05,148.98,2770000,15.32,6.68,0,11.58,63.417305,9883.912,3.07,31690.00053,22.617521,6.3571306,4249.01897,"71",283561,-1.831239,-78.183406
"Ecuador",2009,96.47086,93.3,146.77,1270000,12.87,8.36,0,9.57,53.374233,9482.964,3.39,34500,18.929243,0.566491592,4231.619235,"71",283561,-1.831239,-78.183406
"Ecuador",2010,97.46214,93.6,156.29,2811680000,11.79,9.77,0,9,47.948853,10353.473,3.47,37250,15.936485,3.525298669,4633.591284,"71",283561,-1.831239,-78.183406
"Ecuador",2011,96.872696,93.9,153.38,394900000,13.15,8.47,0,11.41,57.394367,10805.037,3.38,37099.99847,19.198841,7.868140919,5200.555108,"71",283561,-1.831239,-78.183406
"Ecuador",2012,97.19493,94,153.01,26490000,13.2,9.57,0,12.54,56.716415,11233.192,3.17,37090.00015,19.840086,5.641962067,5682.046108,"71",283561,-1.831239,-78.183406
"Ecuador",2013,98.034676,94.1,152.03,3.31e+08,11.85,10.98,0,11.46,51.06952,11416.987,3.21,39700.00076,17.377462,4.946511267,6056.331213,"71",283561,-1.831239,-78.183406
"Ecuador",2014,98.97607,94.3,152.96,509020000,12.18,11.36,0,12.09,51.556503,11816.219,3.38,41799.99924,17.276142,3.788868549,6377.093929,"71",283561,-1.831239,-78.183406
"Ecuador",2015,98.82588,94.4,160.29,31740000,13.07,11.34,0,13.74,54.78469,11610.723,3.26,41520.00046,19.640232,0.098872608,6124.490887,"71",283561,-1.831239,-78.183406
"Ecuador",2016,98.7,94.4,281.35,134670000,14.75,10.77,0,16.37,60.316883,11399.546,3.16,39810.00137,23.628025,-1.226383985,6060.092962,"71",283561,-1.831239,-78.183406
"Ecuador",2017,99.2,94.4,280.86,36680000,17.05,7.4,0,20.44,73.41954,11658.197,3.18,38549.99924,28.335857,2.368386526,6213.503127,"71",283561,-1.831239,-78.183406
"Ecuador",2018,98.7,94.5,308.23,890000,16.33,7.97,0,21.06,72.54564,12100.159,3.1,40139.99939,27.386934,1.289291933,6295.934662,"71",283561,-1.831239,-78.183406
"Ecuador",2019,99.09,94.45,303.72,60120000,17.73,7.09,0,25.2,78.04273,12160.402,3.26,39290.00092,31.76902,0.012105103,6222.524653,"71",283561,-1.831239,-78.183406
"Ecuador",2020,98.85,94.3,300.29,NA,NA,6.45,0,24.83,79.37979,10374.727,NA,NA,36.035774,-7.750123377,5600.389615,"71",283561,-1.831239,-78.183406
"El Salvador",2000,84.51925,57.9,97.82,NA,33.51,1.7,0,2.03,54.42359,4934.59,3.47,5630,NA,1.127906977,2001.540049,"313",21041,13.794185,-88.89653
"El Salvador",2001,87.06383,59.95,107.65,NA,33.11,1.46,0,2.33,61.477573,5098.644,3.65,5870,NA,0.87961366,2072.301591,"313",21041,13.794185,-88.89653
"El Salvador",2002,87.54906,62,110.29,NA,34.02,1.57,0,2.4,60.453403,5202.2905,3.69,5940.000057,NA,1.572918448,2124.10182,"313",21041,13.794185,-88.89653
"El Salvador",2003,86.96115,63.9,117.44,NA,33.85,1.46,0,2.81,65.80796,5536.21,3.9,6510.000229,NA,1.565393031,2209.497245,"313",21041,13.794185,-88.89653
"El Salvador",2004,87.35705,65.8,114.54,1300000,33.33,1.61,0,2.73,62.903225,5513.2593,3.9,6679.999828,NA,0.889404486,2278.43033,"313",21041,13.794185,-88.89653
"El Salvador",2005,87.52584,67.7,118.97,NA,34.08,1.64,0,3.07,65.180466,5701.853,3.89,6840.000153,NA,2.710398073,2428.568879,"313",21041,13.794185,-88.89653
"El Salvador",2006,89.20147,69.4,120.36,0,34.76,2.11,0,3.49,62.32143,6029.882,3.98,7239.999771,NA,4.34481288,2631.822739,"313",21041,13.794185,-88.89653
"El Salvador",2007,91.10956,71.4,131.45,250000,28.24,2.21,0,3.51,61.36364,6277.061,3.95,7630.000114,NA,1.859704695,2786.157774,"313",21041,13.794185,-88.89653
"El Salvador",2008,91.00023,73.1,130.41,20000,31.5,2.08,0,3.91,65.27546,6136.0747,3.91,6909.999847,NA,2.126699102,2933.39424,"313",21041,13.794185,-88.89653
"El Salvador",2009,91.08402,75.1,133.03,1e+05,32.2,2.38,0,3.47,59.31624,5893.16,3.93,6679.999828,NA,-2.087323805,2858.483344,"313",21041,13.794185,-88.89653
"El Salvador",2010,91.58024,76.8,132.59,90000,32.62,2,0,3.97,66.49917,6082.846,3.91,6539.999962,NA,2.106741573,2983.228806,"313",21041,13.794185,-88.89653
"El Salvador",2011,92.574684,78.7,143.66,960000,29.52,1.97,0,4.12,67.651886,6068.4243,3.75,6780.00021,NA,3.817056396,3266.010978,"313",21041,13.794185,-88.89653
"El Salvador",2012,93.68057,80.3,152.24,1440000,30.27,2.08,0,4.18,66.773155,6096.5063,3.71,6769.999981,NA,2.815501822,3428.409332,"313",21041,13.794185,-88.89653
"El Salvador",2013,95.043106,82.1,155.46,54180000,27.54,2.15,0,4.12,65.70973,5903.0894,3.43,6460.000038,NA,2.232142857,3509.526536,"313",21041,13.794185,-88.89653
"El Salvador",2014,95.12542,84,160.39,10000,23.95,2.1,0,4.14,66.34615,6015.019,3.33,6590.000153,NA,1.710709945,3589.042885,"313",21041,13.794185,-88.89653
"El Salvador",2015,95.4,85.5,146.12,150500000,21.03,2.44,0,3.57,59.400997,6200.172,3.39,7000,NA,2.398973133,3705.579704,"313",21041,13.794185,-88.89653
"El Salvador",2016,96,86.9,154.53,67690000,20.71,2.34,0,3.68,61.12957,6231.5947,3.38,7170.000076,NA,2.545926086,3805.995686,"313",21041,13.794185,-88.89653
"El Salvador",2017,96.8,88.2,182.96,222340000,24.99,1.55,0,3.94,71.76685,6173.1143,3.25,6380.000114,NA,2.246670039,3910.254403,"313",21041,13.794185,-88.89653
"El Salvador",2018,97,89.4,199.49,31910000,23.21,1.38,0,3.95,74.10882,6645.676,3.27,6809.999943,NA,2.432287587,4052.624775,"313",21041,13.794185,-88.89653
"El Salvador",2019,97.36,90.75,230.3,1180000,19.39,1.84,0,4.15,69.28214,7271.5205,3.37,7800.000191,NA,2.382581398,4167.730939,"313",21041,13.794185,-88.89653
"El Salvador",2020,100,91.8,232.16,NA,NA,1.29,0,4.97,79.39297,6715.608,NA,NA,NA,-8.581312158,3798.636521,"313",21041,13.794185,-88.89653
"Guatemala",2000,73.31821,40.55,62.27,NA,62.75,2.84,0,3.19,52.902153,4058.544,4,9420,NA,3.608868717,1664.298958,"167",108889,15.783471,-90.230759
"Guatemala",2001,73.73273,39.7,63.35,NA,61.35,2.83,0,3,51.457977,4133.946,4.01,9810,NA,2.332574866,1550.360366,"167",108889,15.783471,-90.230759
"Guatemala",2002,78.66784,39,63.21,NA,63.84,3.35,0,2.79,45.43974,4082.936,4.43,10470.00027,NA,3.839287086,1682.994501,"167",108889,15.783471,-90.230759
"Guatemala",2003,78.51221,38.2,63.81,NA,64.37,4.1,0,3.55,46.405228,4382.797,4.4,10539.99996,NA,2.560377668,1737.879287,"167",108889,15.783471,-90.230759
"Guatemala",2004,77.22824,37.6,66.66,NA,66.17,3.45,0,3.29,48.813057,4045.296,4.4,10750,NA,3.137916836,1859.098363,"167",108889,15.783471,-90.230759
"Guatemala",2005,78.389206,37.45,73.95,40000,65.32,4.31,0,3.99,48.07229,4087.143,4.36,11529.99973,NA,3.276026926,2068.500129,"167",108889,15.783471,-90.230759
"Guatemala",2006,83.730995,37.3,82.38,0,64.81,3.68,0,4.61,55.60917,4242.915,4.17,11520.00046,NA,5.351397787,2251.087963,"167",108889,15.783471,-90.230759
"Guatemala",2007,80.719406,37.1,82.97,NA,63.36,4.44,0,4.58,50.77605,4454.024,4.2,12409.99985,NA,6.33771869,2490.749127,"167",108889,15.783471,-90.230759
"Guatemala",2008,81.894,37.1,84.38,60000,66.59,3.39,0,5.05,59.83413,4052.9338,3.96,11239.99977,NA,3.293524,2802.461962,"167",108889,15.783471,-90.230759
"Guatemala",2009,83.07853,37.4,84.25,20000,65.35,4.04,0,4.5,52.693207,4154.522,4.22,11850.00038,NA,0.476898107,2651.817123,"167",108889,15.783471,-90.230759
"Guatemala",2010,84.27571,38.1,89.61,9610000,67.17,2.96,0,5.03,62.953697,4004.3474,4.14,11439.99958,NA,2.884175428,2852.547327,"167",108889,15.783471,-90.230759
"Guatemala",2011,84.02641,38.4,89.69,4330000,67.19,3.02,0,5.26,63.526573,4004.556,4.06,11739.99977,NA,4.163906883,3228.045741,"167",108889,15.783471,-90.230759
"Guatemala",2012,86.71886,39.2,99.19,8420000,67.45,3.38,0,5.94,63.733906,4204.253,4.13,12149.99962,NA,2.974708568,3355.036919,"167",108889,15.783471,-90.230759
"Guatemala",2013,87.96929,40.2,105.57,17640000,67.29,3.63,0,6.44,63.952335,4409.617,4.09,13000,NA,3.694819199,3522.773706,"167",108889,15.783471,-90.230759
"Guatemala",2014,85.49437,41.6,111.46,630000,66.36,3.83,0,6.86,64.17213,4562.1045,4.08,13949.99981,NA,4.443977583,3779.642336,"167",108889,15.783471,-90.230759
"Guatemala",2015,90.52062,42.7,134.03,20000,63.4,4.72,0,6.71,58.705162,5002.62,4.16,16340.00015,NA,4.092170816,3994.636913,"167",108889,15.783471,-90.230759
"Guatemala",2016,91.81558,44.3,160.83,13190000,63.34,4.88,0,7.16,59.468437,5357.698,4.37,17489.99977,NA,2.677802555,4173.301666,"167",108889,15.783471,-90.230759
"Guatemala",2017,93.3,45.7,162.75,860000,65.09,3.92,0,8.76,69.085175,5708.0923,4.24,16569.99969,NA,3.079851491,4454.04815,"167",108889,15.783471,-90.230759
"Guatemala",2018,94.42924,46.95,165.96,11450000,64.12,5.08,0,9.04,64.02267,5774.4165,4.25,18319.99969,NA,3.322097997,4478.424646,"167",108889,15.783471,-90.230759
"Guatemala",2019,95.742004,48.6,163.26,56590000,62.92,5.51,0,8.3,60.101376,5851.735,4.24,19309.99947,NA,3.866856575,4638.634943,"167",108889,15.783471,-90.230759
"Guatemala",2020,97.05527,50.1,160.21,NA,NA,4.41,0,9.01,67.138596,5734.4775,NA,NA,NA,-1.519328029,4603.339617,"167",108889,15.783471,-90.230759
"Honduras",2000,67.383354,30.7,66.67,32740000,55.24,1.3,0,2.24,63.276836,3657.3855,4.65,4990,NA,7.291288159,1080.510472,"89",112090,15.199999,-86.241905
"Honduras",2001,64.2,32.2,64.94,NA,50.4,1.86,0,1.89,50.4,3886.6245,4.88,5800,NA,2.723193273,1120.54996,"89",112090,15.199999,-86.241905
"Honduras",2002,63.141136,33.8,68.4,NA,49.76,2.3,0,1.63,41.475826,3824.1345,4.93,6090.000153,NA,3.754337861,1122.0886,"89",112090,15.199999,-86.241905
"Honduras",2003,65.09046,35,68.25,210000,47.94,2.54,0,1.81,41.609196,4087.4094,5.12,6730.000019,NA,4.547038052,1145.497946,"89",112090,15.199999,-86.241905
"Honduras",2004,67.113525,36.3,70.08,NA,46.7,3.12,0,1.54,33.04721,4235.931,5.23,7559.999943,NA,6.232302961,1204.479826,"89",112090,15.199999,-86.241905
"Honduras",2005,68.90331,37.4,72.35,5860000,51.62,3.48,0,1.92,35.555553,4243.7075,4.89,6969.99979,NA,6.050599222,1296.694784,"89",112090,15.199999,-86.241905
"Honduras",2006,71.26645,38.7,73.83,NA,52.49,3.48,0,2.26,39.372826,3989.0889,5,7969.99979,NA,6.567243552,1420.134396,"89",112090,15.199999,-86.241905
"Honduras",2007,73.54819,39.8,77.19,20000,50.87,3.61,0,2.44,40.330578,4827.8486,5.04,8539.999962,NA,6.188327167,1572.064888,"89",112090,15.199999,-86.241905
"Honduras",2008,76.3969,40.8,77.89,20000,50.32,3.71,0,2.57,40.923565,4677.777,4.91,8590.000153,NA,4.23160011,1727.793682,"89",112090,15.199999,-86.241905
"Honduras",2009,78.269684,41.5,77.32,130000,51.33,3.31,0,3.07,48.11912,4338.667,4.97,8069.999695,NA,-2.43162788,1777.272802,"89",112090,15.199999,-86.241905
"Honduras",2010,80.984665,42.5,76.05,20520000,52.16,3.18,0,3.34,51.226994,4439.492,4.9,8180.000305,NA,3.731140344,1891.158589,"89",112090,15.199999,-86.241905
"Honduras",2011,82.1953,43.2,87.22,13080000,51.92,3.6,0,3.4,48.57143,4406.6816,5,8810.00042,NA,3.835690662,2073.90437,"89",112090,15.199999,-86.241905
"Honduras",2012,83.60773,43.8,86.63,270000,52.27,3.94,0,3.55,47.39653,4707.272,5.05,9239.999771,NA,4.128687749,2129.521439,"89",112090,15.199999,-86.241905
"Honduras",2013,87.18488,44.5,87.36,322440000,51.07,4.15,0,3.57,46.243526,4629.147,4.9,9369.999886,NA,2.791559757,2088.097206,"89",112090,15.199999,-86.241905
"Honduras",2014,88.65377,45.1,104.51,134590000,53.63,4.76,0,3.61,43.130226,4979.008,4.83,9460.000038,NA,3.058080562,2190.653139,"89",112090,15.199999,-86.241905
"Honduras",2015,89.98171,45.9,149.98,391110000,52.68,5.11,0,4.28,45.580406,5439.805,5.02,9930.000305,NA,3.840079971,2286.203037,"89",112090,15.199999,-86.241905
"Honduras",2016,91.6,46.5,157.73,1.76e+08,52.77,4.77,0,4.79,50.1046,5242.269,4.81,9470.000267,NA,3.892972197,2326.297278,"89",112090,15.199999,-86.241905
"Honduras",2017,86.5,47.1,170.62,86060000,45.92,4.19,0,5.41,56.354164,5456.1885,4.05,9260.000229,NA,4.842913911,2436.671636,"89",112090,15.199999,-86.241905
"Honduras",2018,91.6,47.2,177.18,99040000,49.76,3.8,0,6.11,61.654896,5896.7534,4.58,10050.00019,NA,3.84499477,2492.868968,"89",112090,15.199999,-86.241905
"Honduras",2019,91.1,48.1,178.88,960000,45.96,5.39,0,5.73,51.528778,5640.568,4.3,10220.00027,NA,2.653066255,2556.456891,"89",112090,15.199999,-86.241905
"Honduras",2020,93.20671,48.3,187.32,NA,NA,5.46,0,5.85,51.724136,5048.4497,NA,NA,NA,-8.964760184,2389.012431,"89",112090,15.199999,-86.241905
"Mexico",2000,98.00713,82.4,109.89,2450000,12.17,141.8,7.81,44.51,26.952402,17300.662,3.6,379180,7.1508975,4.942453715,7157.8145,"66",1964375,23.634501,-102.552784
"Mexico",2001,97.13832,83.1,109.6,3430000,11.34,153.32,8.29,39.56,23.785852,16898.29,3.72,378830,6.3393073,-0.404390127,7544.568723,"66",1964375,23.634501,-102.552784
"Mexico",2002,97.89709,84.1,108.14,14190000,10.68,159.81,9.26,35.67,21.944904,17044.275,3.76,386000,5.4490385,-0.039844481,7593.137345,"66",1964375,23.634501,-102.552784
"Mexico",2003,97.400856,84.6,107.95,260000,10.17,160.45,9.98,32.11,20.78108,16996.574,3.97,404690.0024,4.6524553,1.446382684,7075.369643,"66",1964375,23.634501,-102.552784
"Mexico",2004,98.5977,84.9,115.29,530000,10.21,173.66,8.73,38.19,21.271194,17731.264,3.89,414100.0061,5.303242,3.92059081,7484.486399,"66",1964375,23.634501,-102.552784
"Mexico",2005,98.93273,85.3,113.91,33670000,10.31,178.76,10.32,42.29,22.738472,19153.719,4.01,432190.0024,5.473337,2.307807066,8277.671564,"66",1964375,23.634501,-102.552784
"Mexico",2006,99.11416,85.3,114.91,32770000,9.82,182.76,10.4,43.63,22.817688,19171.469,3.9,448299.9878,5.5860863,4.495077894,9068.294218,"66",1964375,23.634501,-102.552784
"Mexico",2007,97.91057,85.4,120.37,160000,9.46,191.83,9.95,42.14,21.355362,19098.814,3.8,457119.9951,5.209547,2.291445714,9642.680517,"66",1964375,23.634501,-102.552784
"Mexico",2008,98.91404,85.4,116.59,6690000,9.77,184.51,9.36,53.22,25.326805,19633.797,3.78,459549.9878,6.696116,1.143584587,10016.57121,"66",1964375,23.634501,-102.552784
"Mexico",2009,98.19821,85.2,117.43,4420000,9.17,194.75,10.11,40.59,20.65594,19065.637,3.9,448369.9951,4.9565783,-5.285744137,8002.972178,"66",1964375,23.634501,-102.552784
"Mexico",2010,99.236694,85,118.46,82310000,9.36,207.38,5.66,51.37,21.568775,18870.824,3.68,462869.9951,6.283124,5.118118143,9271.398396,"66",1964375,23.634501,-102.552784
"Mexico",2011,99.02815,84.85,116.51,1020000,9.07,219.88,9.66,50.7,21.538681,19447.846,3.72,478399.9939,5.886854,3.66300793,10203.4213,"66",1964375,23.634501,-102.552784
"Mexico",2012,99.11163,84.6,125.94,366050000,8.97,229.14,8.41,47.2,19.529411,19349.783,3.68,486450.0122,5.4620795,3.642322679,10241.72783,"66",1964375,23.634501,-102.552784
"Mexico",2013,99.1477,84.6,127.71,70970000,9.23,231.23,11.38,44.67,19.510582,19108.69,3.64,475739.9902,5.06007,1.354091962,10725.18359,"66",1964375,23.634501,-102.552784
"Mexico",2014,99.17293,84.6,137.66,387450000,9.76,223.43,9.3,57.46,23.005617,18757.031,3.47,462239.9902,6.727102,2.849773255,10928.91601,"66",1964375,23.634501,-102.552784
"Mexico",2015,99,84.6,141.93,226340000,9.19,234.28,11.18,52.42,21.35088,18335.252,3.3,471630.0049,6.0522633,3.293151528,9616.645558,"66",1964375,23.634501,-102.552784
"Mexico",2016,99.5,84.8,152.63,455350000,9.22,239.78,10.27,52.97,20.869911,18538.975,3.21,473309.9976,6.1314926,2.630532425,8744.515559,"66",1964375,23.634501,-102.552784
"Mexico",2017,100,84.8,155.98,502060000,9.99,242.69,10.57,55.88,21.495113,18689.648,3.07,471579.9866,6.372722,2.113129135,9287.849587,"66",1964375,23.634501,-102.552784
"Mexico",2018,99.5,84.8,175.36,300340000,10.03,259.92,13.32,58.78,21.71556,18269.648,3.09,452570.0073,6.939361,2.194994725,9686.984927,"66",1964375,23.634501,-102.552784
"Mexico",2019,99.6,84.9,201.04,338650000,10.34,248.2,10.88,59,21.969315,17903.295,3.06,449269.989,7.0507708,-0.176599456,9950.45008,"66",1964375,23.634501,-102.552784
"Mexico",2020,99.4,84.9,219.94,NA,NA,245.46,10.87,69.19,24.594496,16382.68,NA,NA,9.475372,-8.309034659,8329.271313,"66",1964375,23.634501,-102.552784
"Nicaragua",2000,72.78157,33.9,30.18,30000,58.42,1.69,0,0.44,20.657276,3180.8794,5.23,3770,NA,4.101590251,1007.499839,"55",130370,12.865416,-85.207229
"Nicaragua",2001,72.22158,35,28.73,20000,56.66,1.87,0,0.46,19.74249,3331.2754,5.13,3930,NA,2.960843491,1034.551387,"55",130370,12.865416,-85.207229
"Nicaragua",2002,73.85829,36,42.71,680000,54.67,2.01,0,0.69,25.555555,3352.5957,5.09,4059.999943,NA,0.753938876,1000.936715,"55",130370,12.865416,-85.207229
"Nicaragua",2003,74.38763,37,46.75,15280000,51.49,1.78,0,0.82,31.538464,3514.2737,5.15,4559.999943,NA,2.520732896,1005.733044,"55",130370,12.865416,-85.207229
"Nicaragua",2004,74.91408,38.2,56.67,180000,51.17,1.67,0,1.02,37.918217,3614.3872,5.16,4530.00021,NA,5.31217057,1080.269119,"55",130370,12.865416,-85.207229
"Nicaragua",2005,73.821815,39.1,57.72,40000,52.76,1.82,0,1.19,39.534885,3627.2178,5.03,4340.000153,NA,4.282398338,1162.289685,"55",130370,12.865416,-85.207229
"Nicaragua",2006,75.96777,40.2,56.94,50000,53.29,1.95,0,1.15,37.096775,3595.257,5,4550.000191,NA,4.153199588,1226.644309,"55",130370,12.865416,-85.207229
"Nicaragua",2007,76.50008,41.2,56.28,1e+05,52.61,1.93,0,0.99,33.90411,3692.5571,4.84,4699.999809,NA,5.076658981,1327.966782,"55",130370,12.865416,-85.207229
"Nicaragua",2008,77.03961,42.5,55.51,1930000,53.77,1.96,0,1.26,39.130436,3683.9102,4.69,4500,NA,3.434744656,1499.25762,"55",130370,12.865416,-85.207229
"Nicaragua",2009,77.91631,43.4,61.7,8980000,54.56,2.39,0,1.16,32.676056,3631.891,4.82,4389.999866,NA,-3.292815113,1444.36951,"55",130370,12.865416,-85.207229
"Nicaragua",2010,78.151215,44.7,64.83,96620000,54.44,2.17,0,1.34,38.17664,3699.9202,4.73,4510.000229,NA,4.410481398,1503.864191,"55",130370,12.865416,-85.207229
"Nicaragua",2011,78.7287,46,63.97,16970000,53.3,2.35,0,1.31,35.79235,3835.2747,4.53,4769.999981,NA,6.316709606,1655.802946,"55",130370,12.865416,-85.207229
"Nicaragua",2012,79.63916,47.2,91.87,72210000,53.27,2.22,0,1.67,42.93059,3815.5432,4.61,4690.000057,NA,6.496026079,1760.460308,"55",130370,12.865416,-85.207229
"Nicaragua",2013,80.82344,48.2,91.76,14660000,54.28,1.99,0,2.05,50.742577,3991.6355,4.53,4469.99979,NA,4.926825634,1811.636803,"55",130370,12.865416,-85.207229
"Nicaragua",2014,81.85307,49.3,97.01,51690000,53.02,2.07,0,2.28,52.413795,4173.7993,4.46,4760.000229,NA,4.785847059,1934.062922,"55",130370,12.865416,-85.207229
"Nicaragua",2015,83.24933,50.5,98.56,67430000,50,2.2,0,2.24,50.45045,4501.891,4.5,5269.999981,NA,4.792086282,2049.851666,"55",130370,12.865416,-85.207229
"Nicaragua",2016,84.640114,51.7,104.88,178280000,49.54,2.09,0,2.38,53.243855,4451.653,4.46,5380.000114,NA,4.562954429,2107.57406,"55",130370,12.865416,-85.207229
"Nicaragua",2017,85.98984,52.85,105.52,65850000,48.91,2.08,0,2.3,52.511414,4376.1777,4.36,5480.000019,NA,4.632533981,2159.156714,"55",130370,12.865416,-85.207229
"Nicaragua",2018,87.11668,53.8,104.2,19750000,51.44,2.05,0,2.48,54.746136,4282.387,4.46,5110.000134,NA,-3.363687646,2014.575189,"55",130370,12.865416,-85.207229
"Nicaragua",2019,88.05833,55.1,111.74,7660000,50.71,2.17,0,2.31,51.5625,4225.4365,4.68,5239.999771,NA,-3.674794578,1926.699694,"55",130370,12.865416,-85.207229
"Nicaragua",2020,88.90738,56.2,110.41,NA,NA,2,0,2.42,54.75113,4237.677,NA,NA,NA,-1.977329393,1905.261152,"55",130370,12.865416,-85.207229
"Panama",2000,81.40141,80,206.02,NA,27.67,1.36,0,3.4,71.428566,22342.99,2.27,5280,NA,2.715374155,4060.317793,"58",75420,8.537981,-80.782127
"Panama",2001,81.45625,80.9,202.12,230000,24.04,2.43,0,2.51,50.809715,22268.62,2.58,6220,NA,0.574272791,4046.429148,"58",75420,8.537981,-80.782127
"Panama",2002,82.20092,81.6,226.25,NA,28.71,1.75,0,3.4,66.01942,21577.676,2.29,5409.999847,NA,2.229149417,4126.232386,"58",75420,8.537981,-80.782127
"Panama",2003,87.8,82.5,263.2,NA,27.45,2.55,0,2.84,52.690166,21345.66,2.2,5530.00021,NA,4.205495945,4267.292687,"58",75420,8.537981,-80.782127
"Panama",2004,83.6769,83,262.32,NA,28.21,1.83,0,3.77,67.32143,21352.857,2.03,5610.000134,NA,7.522079658,4592.152614,"58",75420,8.537981,-80.782127
"Panama",2005,84.41291,83.7,257.57,NA,22.77,1.95,0,3.72,65.60847,20928.799,2.14,7119.999886,NA,7.191279402,4916.907612,"58",75420,8.537981,-80.782127
"Panama",2006,85.150795,84.1,253.08,0,22.09,2.28,0,3.58,61.092148,22302.521,2.1,7489.999771,NA,8.652465611,5348.884253,"58",75420,8.537981,-80.782127
"Panama",2007,85.893196,84.9,248.6,NA,22.79,2.65,0,3.67,58.06962,20661.121,1.87,7480.000019,NA,11.98398555,6166.187871,"58",75420,8.537981,-80.782127
"Panama",2008,86.64284,85.4,253.35,10000,23.36,2.25,0,3.99,63.94231,23762.428,1.63,7300.000191,NA,9.855654653,7154.274501,"58",75420,8.537981,-80.782127
"Panama",2009,87.40241,85.9,251.18,10000,20.37,2.82,0,3.92,58.16024,22608.205,1.77,8699.999809,NA,1.242992565,7576.140457,"58",75420,8.537981,-80.782127
"Panama",2010,86.85,86.4,262.84,2050000,20.65,2.95,0,4.2,58.741253,25191.672,1.85,9189.99958,NA,5.827993127,8082.016175,"58",75420,8.537981,-80.782127
"Panama",2011,88.96222,86.9,372.93,43030000,19.73,3.42,0,4.14,54.761906,24962.39,1.85,9989.999771,NA,11.31362625,9358.26813,"58",75420,8.537981,-80.782127
"Panama",2012,89.76787,87,397.7,NA,21.25,2.94,0,5.42,64.832535,27223.264,1.74,10460.00004,NA,9.778827513,10722.26147,"58",75420,8.537981,-80.782127
"Panama",2013,89.1,87.1,403.56,1810000,20.71,3.47,0,5.2,59.976933,26325.066,1.58,10250,NA,6.903436769,11889.09507,"58",75420,8.537981,-80.782127
"Panama",2014,91.43664,87.6,439.55,156490000,19.78,3.16,0,5.19,62.155685,26454.377,1.58,10760.00023,NA,5.06661313,12796.07403,"58",75420,8.537981,-80.782127
"Panama",2015,92.29477,87.5,517.33,65060000,21.9,2.66,0,6.69,71.5508,28399.344,1.51,10699.99981,NA,5.73269026,13630.30114,"58",75420,8.537981,-80.782127
"Panama",2016,93.16477,87.7,535.98,366660000,22.1,2.76,0,7.24,72.4,29494.584,1.49,10770.00046,NA,4.953434937,14343.98026,"58",75420,8.537981,-80.782127
"Panama",2017,93.7,87.9,542.18,101570000,23.6,2.73,0,7.9,74.31797,31180.088,1.42,10130.00011,NA,5.591328274,15146.40851,"58",75420,8.537981,-80.782127
"Panama",2018,94.92852,87.6,543.93,350000,24.44,1.9,0,8.74,82.14285,31255.303,1.39,10060.00042,NA,3.685344349,15544.99908,"58",75420,8.537981,-80.782127
"Panama",2019,95.81633,87.6,540.69,90010000,18.91,4.15,0,6.24,60.057747,27875.5,1.54,13340.00015,NA,2.979715461,15774.25494,"58",75420,8.537981,-80.782127
"Panama",2020,96.704636,87.6,532.13,NA,NA,2.7,0,8.35,75.56561,27640.848,NA,NA,NA,-17.944864,12509.83529,"58",75420,8.537981,-80.782127
"Paraguay",2000,89.42114,49.2,1388.26,NA,70.41,0.01,0,52.96,99.98112,24335.996,3.56,3520,NA,-2.314140568,1663.604939,"18",406752,-23.442503,-58.443832
"Paraguay",2001,91.04207,48.9,1365.08,10000,69.84,0.01,0,44.86,99.977715,21277.064,3.65,3610,NA,-0.834054717,1565.054289,"18",406752,-23.442503,-58.443832
"Paraguay",2002,91.66644,48.6,1335.92,NA,67.68,0.01,0,47.73,99.97905,21856.117,3.62,3779.999971,NA,-0.021404395,1300.852367,"18",406752,-23.442503,-58.443832
"Paraguay",2003,92.558395,48.4,1315.51,NA,67.05,0.02,0,51.25,99.96099,22881.867,3.55,3940.000057,NA,4.320745486,1365.416418,"18",406752,-23.442503,-58.443832
"Paraguay",2004,93.24988,48.6,1293.11,NA,66.75,0,0,51.41,100,22449.5,3.44,3970.000029,NA,4.057418364,1679.49512,"18",406752,-23.442503,-58.443832
"Paraguay",2005,94.68689,49.1,1272.37,NA,68.81,0,0,50.65,100,21752.111,3.33,3700.000048,NA,2.133490665,1843.634108,"18",406752,-23.442503,-58.443832
"Paraguay",2006,96.74905,50.3,1253.2,191130000,66.46,0,0,53.25,100,22537.387,3.27,3950.000048,NA,4.807117193,2271.088885,"18",406752,-23.442503,-58.443832
"Paraguay",2007,96.452774,51.7,1235.39,NA,68.44,0,0,53.19,100,22409.062,3.16,3720.000029,NA,5.421622872,2976.824014,"18",406752,-23.442503,-58.443832
"Paraguay",2008,96.677895,53.7,1333.67,NA,65.81,0,0,54.91,100,22887.295,3.18,4320.000172,NA,6.49629212,4047.909791,"18",406752,-23.442503,-58.443832
"Paraguay",2009,96.891335,55.6,1319.02,80000,65.36,0,0,54.41,100,22453.984,3.25,4570.000172,NA,-0.261137328,3626.818637,"18",406752,-23.442503,-58.443832
"Paraguay",2010,97.43086,57.45,1410.11,90000,63.61,0,0,53.52,100,22447.14,3.12,5039.999962,NA,11.09523127,4359.428415,"18",406752,-23.442503,-58.443832
"Paraguay",2011,98.23656,59.7,1390.98,30000,62.46,0,0,57.05,100,23345.691,3.04,5219.99979,NA,4.286371207,5329.387437,"18",406752,-23.442503,-58.443832
"Paraguay",2012,97.83562,61.3,1372.02,NA,63.43,0,0,59.63,100,23638.725,3.07,5179.999828,NA,-0.708043112,5185.141549,"18",406752,-23.442503,-58.443832
"Paraguay",2013,99.015884,63.1,1359.31,80000,62.55,0.04,0,59.87,99.933235,23514.254,2.86,5300.000191,NA,8.293076489,5936.975959,"18",406752,-23.442503,-58.443832
"Paraguay",2014,99.00072,64.3,1340.93,NA,62.54,0.04,0,54.83,99.9271,21944.45,2.84,5630.000114,NA,5.301238592,6118.31811,"18",406752,-23.442503,-58.443832
"Paraguay",2015,99.331535,65.4,1323.04,NA,60.51,0.04,0,55.3,99.92772,22191.486,3.01,6369.999886,NA,2.957151735,5413.776021,"18",406752,-23.442503,-58.443832
"Paraguay",2016,98.4,66.2,1305.64,460000,62.49,0,0,63.3,100,24718.906,3.4,7179.999828,NA,4.268025833,5324.609068,"18",406752,-23.442503,-58.443832
"Paraguay",2017,99.3,66.8,1288.69,NA,60.12,0,0,59.23,100,23435.645,3.42,8060.00042,NA,4.810078856,5678.869972,"18",406752,-23.442503,-58.443832
"Paraguay",2018,99.6,67.4,1272.19,130470000,59.24,0,0,58.75,100,23139.457,3.4,8470.000267,NA,3.204250341,5782.78455,"18",406752,-23.442503,-58.443832
"Paraguay",2019,99.7,68,1253.75,1160000,60.09,0.07,0,48.99,99.857315,19903.92,3.39,8210.000038,NA,-0.401855101,5380.963322,"18",406752,-23.442503,-58.443832
"Paraguay",2020,100,68.6,1238.3,NA,NA,0.07,0,46.43,99.849464,18493.115,NA,NA,NA,-0.565695447,5001.07276,"18",406752,-23.442503,-58.443832
"Peru",2000,72.4965,43.1,109.35,1070000,38.57,3.47,0,16.07,82.241554,5528.503,3.32,28630,32.495964,2.694371398,1955.588006,"26",1285216,-9.189967,-75.015152
"Peru",2001,72.11311,45.7,112.09,190000,41.23,2.94,0,17.48,85.60235,5407.2314,3.19,26540,35.526463,0.617892326,1941.475342,"26",1285216,-9.189967,-75.015152
"Peru",2002,74.38269,48.7,112,88200000,40.21,3.66,0,17.93,83.04771,5472.09,3.03,27729.99954,35.351955,5.453528938,2021.240038,"26",1285216,-9.189967,-75.015152
"Peru",2003,74.38097,51.2,112.52,280000,40.91,4.05,0,18.44,81.992,5345.9004,2.86,27159.99985,36.600243,4.165023137,2145.643889,"26",1285216,-9.189967,-75.015152
"Peru",2004,75.69236,53.8,112.37,110000,37.83,6.36,0,17.49,73.333336,5642.6665,2.96,31239.99977,32.297504,4.958203206,2417.034363,"26",1285216,-9.189967,-75.015152
"Peru",2005,77.173645,56.2,116.85,290000,38.35,7.29,0,18.05,71.23125,5816.902,2.95,31290.00092,31.84631,6.285060325,2729.499172,"26",1285216,-9.189967,-75.015152
"Peru",2006,80.15727,58.3,116.22,7550000,38.7,7.1,0,19.63,73.43808,5834.625,2.65,30840.00015,34.128056,7.528899044,3154.331349,"26",1285216,-9.189967,-75.015152
"Peru",2007,81.98813,60.3,115.47,730000,36.05,9.68,0,19.46,66.78105,6303.5713,2.6,33810.00137,31.039616,8.518387769,3606.070689,"26",1285216,-9.189967,-75.015152
"Peru",2008,84.678345,62.3,115.22,970000,33.71,12.88,0,19.14,59.77514,6757.0254,2.62,38290.00092,28.021553,9.126568301,4220.616378,"26",1285216,-9.189967,-75.015152
"Peru",2009,86.42432,63.8,116.8,1520000,32.92,11.97,0,19.7,62.203983,6840.561,2.62,41169.99817,28.33369,1.095823659,4196.311627,"26",1285216,-9.189967,-75.015152
"Peru",2010,88.12306,65.9,121.13,91150000,32.17,14.15,0,20.13,58.722286,7707.48,2.51,45000,25.21364,8.332459107,5082.353706,"26",1285216,-9.189967,-75.015152
"Peru",2011,89.70749,67.5,120.94,223960000,30.63,15.65,0,21.85,58.266666,8431.997,2.72,48430.00031,24.354307,6.327192402,5869.323882,"26",1285216,-9.189967,-75.015152
"Peru",2012,91.09951,69.7,125.33,238880000,30.8,16.72,0,21.69,56.46967,8629.543,2.75,48119.99893,24.011053,6.139724706,6528.971775,"26",1285216,-9.189967,-75.015152
"Peru",2013,92.13537,71.7,128.99,292670000,28.35,18.8,0,22.85,54.861942,8741.407,2.5,49750,24.136717,5.852518211,6756.752996,"26",1285216,-9.189967,-75.015152
"Peru",2014,92.91999,73.7,136.2,279440000,28.56,20.41,0,23.06,53.048077,8856.475,2.57,53169.99817,23.94071,2.382157372,6672.877373,"26",1285216,-9.189967,-75.015152
"Peru",2015,93.85218,75.8,154.29,84640000,27.43,21.39,0,24.86,53.75135,9171.356,2.57,54549.99924,24.024496,3.252244772,6229.100674,"26",1285216,-9.189967,-75.015152
"Peru",2016,94.2,77.7,185.3,102310000,27.2,23.9,0,25.95,52.05617,9602.029,2.57,56860.00061,22.57668,3.953318715,6204.996457,"26",1285216,-9.189967,-75.015152
"Peru",2017,94.8,79.6,189.85,548830000,27.59,21.62,0,30.84,58.787647,9605.62,2.54,54270.00046,26.171818,2.518835442,6710.507602,"26",1285216,-9.189967,-75.015152
"Peru",2018,95.2,81.5,194.51,68750000,27.89,21.4,0,33.28,60.863205,9887.749,2.56,54590.00015,26.795403,3.96915687,6957.793411,"26",1285216,-9.189967,-75.015152
"Peru",2019,95.55136,83.25,203.26,1090000,27.12,22.16,0,34.41,60.827293,9949.632,2.6,56750,26.621336,2.203974749,7027.612207,"26",1285216,-9.189967,-75.015152
"Peru",2020,99.31181,85.1,201.09,NA,NA,19.1,0,33.72,63.839455,8365.432,NA,NA,30.744228,-11.14881188,6126.87454,"26",1285216,-9.189967,-75.015152
"Uruguay",2000,97.676865,100,466.8,NA,38.73,0.49,0,7,93.45795,14601.469,2.7,5460,NA,-1.929930638,6875.025469,"20",176215,-32.522779,-55.765835
"Uruguay",2001,97.78539,100,465.99,1310000,41.63,0.06,0,9.1,99.344986,15946.608,2.47,4950,NA,-3.844129949,6284.45968,"20",176215,-32.522779,-55.765835
"Uruguay",2002,97.88633,100,465.91,NA,43.25,0.07,0,9.44,99.26392,14137.804,2.48,4530.00021,NA,-7.732007206,4090.891888,"20",176215,-32.522779,-55.765835
"Uruguay",2003,97.98204,100,466.25,23520000,43.83,0.08,0,8.45,99.06213,14181.147,2.48,4489.999771,NA,0.805283915,3624.205685,"20",176215,-32.522779,-55.765835
"Uruguay",2004,98.07486,100,466.55,NA,39.31,1.01,0,4.77,82.52595,13627.525,2.69,5460.000038,NA,5.004160334,4120.544205,"20",176215,-32.522779,-55.765835
"Uruguay",2005,98.167145,100,466.81,0,41.32,0.9,0,6.66,88.09524,14696.39,2.6,5420.000076,NA,7.460132138,5226.9441,"20",176215,-32.522779,-55.765835
"Uruguay",2006,98.505424,100,466.3,0,37.6,1.87,0,3.6,65.81353,13377.3125,2.7,6329.999924,NA,4.098577364,5887.845162,"20",176215,-32.522779,-55.765835
"Uruguay",2007,98.692635,100,517.34,880000,43.2,0.97,0,8.31,89.547424,15803.453,2.53,5849.999905,NA,6.541510842,7026.503055,"20",176215,-32.522779,-55.765835
"Uruguay",2008,98.784355,100,523.37,NA,44.09,3.01,0,5.5,64.629845,16750.07,3.05,7750,NA,7.176144668,9091.079039,"20",176215,-32.522779,-55.765835
"Uruguay",2009,99.1,100,529.67,6770000,44.64,2.72,0,6.08,69.090904,17655.945,2.89,7670.000076,NA,4.243494175,9451.932449,"20",176215,-32.522779,-55.765835
"Uruguay",2010,99.3,100,540.15,1120000,53.29,1.72,0,9.31,84.40617,18292.451,2.63,6280.00021,NA,7.803409666,11992.02377,"20",176215,-32.522779,-55.765835
"Uruguay",2011,99.17,100,541.79,7770000,49.67,2.76,0,7.61,73.384766,17861.395,2.71,7610.000134,NA,5.162133029,14236.715,"20",176215,-32.522779,-55.765835
"Uruguay",2012,99.6,100,542.91,290700000,47.85,3.85,0,6.76,63.713478,17839.785,2.79,8520.000458,NA,3.538178707,15171.58017,"20",176215,-32.522779,-55.765835
"Uruguay",2013,99.61181,100,593.54,211660000,51.87,2.04,0,9.41,82.18341,18592.736,2.62,7360.000134,NA,4.637538641,16973.68924,"20",176215,-32.522779,-55.765835
"Uruguay",2014,99.65708,100,716.48,275600000,56.7,1.64,0,11.21,87.23735,19071.291,2.58,6500,NA,3.238791217,16831.94819,"20",176215,-32.522779,-55.765835
"Uruguay",2015,99.70948,100,827.76,518270000,59.4,1.91,0,11.7,85.9662,19596.402,2.75,6639.999866,NA,0.370741265,15613.74597,"20",176215,-32.522779,-55.765835
"Uruguay",2016,99.7,100,929.73,69860000,60.32,1.34,0,12.41,90.25455,19814.26,2.82,6519.999981,NA,1.689798164,16715.63347,"20",176215,-32.522779,-55.765835
"Uruguay",2017,99.8,100,1080.97,18290000,60.82,1.32,0,12.93,90.73684,19084.248,2.71,6099.999905,NA,1.627753973,18690.89384,"20",176215,-32.522779,-55.765835
"Uruguay",2018,99.8,100,1078.68,NA,60.86,1.36,0,13.14,90.62069,19538.71,2.79,6539.999962,NA,0.477907184,18703.86029,"20",176215,-32.522779,-55.765835
"Uruguay",2019,99.9,100,1077.57,NA,60.76,1.89,0,14.16,88.224304,19985.01,2.77,6489.999771,NA,0.350447153,17688.01501,"20",176215,-32.522779,-55.765835
"Uruguay",2020,100,100,1075.17,NA,NA,2.4,0,11.14,82.27474,17631.44,NA,NA,NA,-5.858721243,15438.41167,"20",176215,-32.522779,-55.765835
